plantId,slug,nomecien,imagemurl,cresc_forma,cresc_taxa,ph_max,ph_min,luz_solar,solo_nutrientes,solo_salinidade,solo_textura,solo_umidade,nome_pop
1,quercus-rotundifolia,Quercus rotundifolia,https://d2seqvvyy3b8p2.cloudfront.net/40ab8e7cdddbe3e78a581b84efa4e893.jpg,null,null,-1,-1,-1,-1,-1,-1,-1,Carvalho
2,urtica-dioica,Urtica dioica,https://bs.plantnet.org/image/o/9db58cbb3538a6b77384f972971d51869228e545,null,null,7,6.5,5,9,0,-1,-1,Urtiga
3,dactylis-glomerata,Dactylis glomerata,https://bs.plantnet.org/image/o/f84a7d4fc2e627ccd451f568479b1932c2b2d900,Bunch,Moderate,7.5,5.2,7,7,0,-1,-1,Aveia-malhada
4,plantago-lanceolata,Plantago lanceolata,https://bs.plantnet.org/image/o/f8d7d6fe52e36d04f5ad1fc03f46f604d5c3cc43,null,null,6.5,5.5,7,6,0,-1,-1,Tanchagem-maior
5,achillea-millefolium,Achillea millefolium,https://bs.plantnet.org/image/o/d788a757cd8bac8c3b1378a970c078a7a937a174,Rhizomatous,Moderate,8,6,8,4,1,-1,-1,Milefólio
6,trifolium-repens,Trifolium repens,https://bs.plantnet.org/image/o/170ca6a6020d9e9f95f86112577aeabcb23f5b96,Stoloniferous,Moderate,7,6,7,6,1,-1,-1,Trevo-branco
7,holcus-lanatus,Holcus lanatus,https://bs.plantnet.org/image/o/c0800816e2f56ed6e7702c31efd91afcdfddd68c,Multiple Stem,Moderate,7,4,7,6,1,-1,-1,Aveia-das-ervas-lanas
8,ranunculus-repens,Ranunculus repens,https://bs.plantnet.org/image/o/90746f2a4592ed4dbc6a166234f488654565605e,Stoloniferous,Rapid,7.2,5.6,5,7,1,-1,-1,Ranúnculo-repentino
9,quercus-robur,Quercus robur,https://bs.plantnet.org/image/o/0d16977470dfdcd37d495a5b33c2f343224ebe98,null,null,6.5,5.5,7,5,0,-1,-1,Carvalho-roble
10,festuca-rubra,Festuca rubra,https://bs.plantnet.org/image/o/fb1967942b880fb7c978ff76741d348a22611b88,Rhizomatous,Moderate,8,5,9,1,0,-1,-1,Festuca-vermelha
11,fraxinus-excelsior,Fraxinus excelsior,https://bs.plantnet.org/image/o/84ef20b0276c3e0a6d32dd97a7b987b510feb961,null,null,7.5,7,7,6,0,-1,-1,Freixo-comum
12,cirsium-arvense,Cirsium arvense,https://d2seqvvyy3b8p2.cloudfront.net/c7d6d18dfbd69cbf043001fb3204517c.jpg,null,null,-1,-1,-1,-1,-1,-1,-1,Cardo-dos-campos
13,trifolium-pratense,Trifolium pratense,https://bs.plantnet.org/image/o/3bb52539dcca8b6bf19b9bf752631def901ba64c,Single Crown,Rapid,7.6,6.5,7,6,0,-1,-1,Trevo-dos-prados
14,fagus-sylvatica,Fagus sylvatica,https://bs.plantnet.org/image/o/a733221df31a1ff99af03566841744f3b4c6cffe,null,null,5.5,5,7,5,0,-1,-1,Faia-comum
15,juncus-effusus,Juncus effusus,https://d2seqvvyy3b8p2.cloudfront.net/31545c7b5c65236a5d7f28ca040ee058.jpg,Bunch,Moderate,8.8,5.5,7,4,0,-1,-1,Junco
16,ranunculus-acris,Ranunculus acris,https://bs.plantnet.org/image/o/43c58aa2ef3d5a11ac1dd83d9b465e639338a3da,null,null,7,6.5,7,6,0,-1,-1,Ranúnculo-agreste
17,crataegus-monogyna,Crataegus monogyna,https://bs.plantnet.org/image/o/9a428f47e57e087f677d58967659592f8232c737,Single Stem,Slow,7.2,6,7,5,0,-1,-1,Espinheiro-alvar
18,rumex-acetosa,Rumex acetosa,https://bs.plantnet.org/image/o/b07ad83adb571370a40982de0ec45248871486d6,null,null,6.5,5.5,8,6,0,-1,-1,Azedas
19,calluna-vulgaris,Calluna vulgaris,https://d2seqvvyy3b8p2.cloudfront.net/04a6d1e14c82502b58222574e2a99cde.jpg,null,null,-1,-1,-1,-1,-1,-1,-1,Urze
20,filipendula-ulmaria,Filipendula ulmaria,https://bs.plantnet.org/image/o/53c73903dc455a3d734b193dad7d9d8c4ec0e324,null,null,6.5,5.5,7,6,0,-1,-1,Ulmeira
21,corylus-avellana,Corylus avellana,https://bs.plantnet.org/image/o/0d92cadb0d66dce1b0a8b26913125d6501e31d68,null,null,6.5,5.5,5,6,0,-1,-1,Avelãzeira
22,phragmites-australis,Phragmites australis,https://bs.plantnet.org/image/o/8a74932da925aea8224f7929bf701806abec0c84,Rhizomatous,Rapid,8.7,4.5,7,7,3,-1,-1,Caniço
23,glechoma-hederacea,Glechoma hederacea,https://bs.plantnet.org/image/o/27d4a32d5f7c7c6b1748904f852d3e6d561a17cd,null,null,7,6.5,5,7,0,-1,-1,Túlia
24,agrostis-capillaris,Agrostis capillaris,https://bs.plantnet.org/image/o/db3b1d70fed25a0c1a16ba5bf9ee79d980a510e9,null,null,-1,-1,-1,-1,-1,-1,-1,Agrostide
25,anthoxanthum-odoratum,Anthoxanthum odoratum,https://bs.plantnet.org/image/o/fc28e4e6d455f065e4e1f7972486244b09532030,null,null,5.5,5,7,4,0,-1,-1,Hierochloe odorata
26,hedera-helix,Hedera helix,https://storage.googleapis.com/powop-assets/kew_profiles/Hedera-helix_fullsize.jpg,null,null,-1,-1,-1,-1,-1,-1,-1,Hera
27,agrostis-stolonifera,Agrostis stolonifera,https://d2seqvvyy3b8p2.cloudfront.net/c0732578fcfacf7f46e7b0dac3b4f3e4.jpg,null,null,-1,-1,-1,-1,-1,-1,-1,Agrostide-estolonífera
28,plantago-major,Plantago major,https://bs.plantnet.org/image/o/75b98160f0aff037525320c1e0f165994499f2c3,Single Crown,Moderate,7.3,4.8,5,6,0,-1,-1,Tanchagem-maior
29,lotus-corniculatus,Lotus corniculatus,https://bs.plantnet.org/image/o/4b105030937c65f9beb11775e84b45b8db184d86,Single Crown,Moderate,7.5,5.5,7,3,0,-1,-1,Trevo-corniculado
30,sorbus-aucuparia,Sorbus aucuparia,https://bs.plantnet.org/image/o/63073d2fbf45b90701279405ecc2eec0272906ed,Single Stem,Rapid,7.5,5.5,7,3,0,-1,-1,Sorveira
31,poa-trivialis,Poa trivialis,https://d2seqvvyy3b8p2.cloudfront.net/354a64bd874289fd659c1c26a5a681cd.jpg,Bunch,Moderate,7.5,4.8,5,7,0,-1,-1,Grama-trepadeira
32,galium-aparine,Galium aparine,https://bs.plantnet.org/image/o/a889db2f581d38b0780bc0ee66549b1583a1d4f4,Single Crown,Rapid,7.2,5.4,6,8,0,-1,-1,Erva-picheleira
33,potentilla-erecta,Potentilla erecta,https://bs.plantnet.org/image/o/804372f80e0604ccb34c5dd38d13c86a2eb6dab0,null,null,5.5,5,6,2,0,-1,-1,Tormentilha
34,pinus-sylvestris,Pinus sylvestris,https://bs.plantnet.org/image/o/33d84b84c09347d360afa0d610e220664cfb6d93,Single Stem,Rapid,7.5,5,8,3,0,-1,-1,Pinheiro-silvestre
35,prunella-vulgaris,Prunella vulgaris,https://bs.plantnet.org/image/o/b46f4000f9bec28dc6d74d501ddc15445e7f7667,Stoloniferous,Rapid,8,5.4,5,6,0,-1,-1,Prunela
36,arrhenatherum-elatius,Arrhenatherum elatius,https://bs.plantnet.org/image/o/2a0a729a03beb7c0c4d2f99986f8235459cb322a,null,null,-1,-1,-1,-1,-1,-1,-1,Grama alta
37,lolium-perenne,Lolium perenne,https://d2seqvvyy3b8p2.cloudfront.net/4d7c83316b0b96ae329c73f59dacab0e.jpg,Bunch,Rapid,7.5,5.2,7,6,0,-1,-1,Lolium-perene
38,anthriscus-sylvestris,Anthriscus sylvestris,https://bs.plantnet.org/image/o/ef5ece86db461681116e8bcdd132fb3ad7b6b6c7,null,null,-1,-1,-1,-1,-1,-1,-1,Cerfeia-silvestre
39,quercus-suber,Quercus suber,https://bs.plantnet.org/image/o/18d98dce42b463a97cca4e642ab61aecce8c74f6,null,null,5.5,5,8,5,0,-1,-1,Sobreiro
40,prunus-spinosa,Prunus spinosa,https://bs.plantnet.org/image/o/74001fa4fbba45263756df516209aba8525620f9,null,null,6.5,5.5,7,5,0,-1,-1,Espinheiro-alvar
41,heracleum-sphondylium,Heracleum sphondylium,https://bs.plantnet.org/image/o/795061348098dfe2c4cdedd6a5dcb5c9db848d55,null,null,6.5,5.5,7,8,0,-1,-1,Bardana
42,deschampsia-cespitosa,Deschampsia cespitosa,https://bs.plantnet.org/image/o/f211f64ec30eef99019954d1f4284d56218417eb,null,null,6.5,5.5,5,6,0,-1,-1,Cespitosa
43,alnus-glutinosa,Alnus glutinosa,https://bs.plantnet.org/image/o/6cd82656ec7c0915f9027c2a68780d5d5ae5cb0e,null,null,-1,-1,-1,-1,-1,-1,-1,Amieiro
44,sambucus-nigra,Sambucus nigra,https://bs.plantnet.org/image/o/594bda8000b118433847bf0973eb397de8a87543,null,null,7.5,7,5,8,0,-1,-1,Sabugueiro
45,molinia-caerulea,Molinia caerulea,https://bs.plantnet.org/image/o/02b9d49d58a8ed30b1dc870e975127ea15dd3cb3,null,null,6.5,5.5,5,2,0,-1,-1,Molínia
46,acer-pseudoplatanus,Acer pseudoplatanus,https://bs.plantnet.org/image/o/eb6373c5f52327ead500bd2ea145734b2491cbe5,Single Stem,Moderate,7,5.8,7,7,0,-1,-1,Falso plátano
47,cirsium-vulgare,Cirsium vulgare,https://bs.plantnet.org/image/o/6de5f109347849554b9aa4dc16ad09721b0ba93c,null,null,7.5,7,8,8,0,-1,-1,Cardo-comum
48,geranium-robertianum,Geranium robertianum,https://bs.plantnet.org/image/o/15aff4c873c771b9ea9ded1648b7b23b8641a2a5,null,null,6.5,5.5,4,7,0,-1,-1,Gerânio-robertiano
49,poa-pratensis,Poa pratensis,https://bs.plantnet.org/image/o/6e25db3d223a2e7b26a3c762c4861ab5fb9010ac,Rhizomatous,Rapid,7.5,5.8,8,6,0,-1,-1,Grama-de-prados
50,cirsium-palustre,Cirsium palustre,https://bs.plantnet.org/image/o/b3d3f45d5ea0896f9e224190e3ac5fc8cafce633,null,null,-1,-1,-1,-1,-1,-1,-1,Cardo-palustre
51,poa-annua,Poa annua,https://bs.plantnet.org/image/o/c06fa1d2fc227c12fff8d764f9058e1cced33185,null,null,-1,-1,-1,-1,-1,-1,-1,Grama-anual
52,betula-pendula,Betula pendula,https://bs.plantnet.org/image/o/c3c315234761da98b8e8068831130d372dcaf252,Thicket Forming,Rapid,7.5,5,8,3,0,-1,-1,Vidoeiro
53,alliaria-petiolata,Alliaria petiolata,https://bs.plantnet.org/image/o/b57a42b138998fa328a8fc2032676dfde6cad985,null,null,7.5,7,4,8,0,-1,-1,Erva-alheira
54,bellis-perennis,Bellis perennis,https://bs.plantnet.org/image/o/43061c6c2cb49908503eac2eaec0ddab69958e17,null,null,6.5,5.5,7,6,0,-1,-1,Margarida-comum
55,vaccinium-myrtillus,Vaccinium myrtillus,https://bs.plantnet.org/image/o/76e8f509a667a1110611d76c7b84d5bbc03ccb1f,null,null,4.5,4,5,3,0,-1,-1,Mirtilo
56,pteridium-aquilinum,Pteridium aquilinum,https://bs.plantnet.org/image/o/94ed4fa4f55710b452e624de45faec9b17c5198b,Rhizomatous,Moderate,7,4.5,6,5,0,-1,-1,Feto-aquilino
57,veronica-chamaedrys,Veronica chamaedrys,https://bs.plantnet.org/image/o/2b8bd09230b0f06ab9fa52f4c4023d485c91c2a4,null,null,6.5,5.5,6,5,0,-1,-1,Verónica-das-urzes
58,lapsana-communis,Lapsana communis,https://bs.plantnet.org/image/o/cc0d365e7d08c6c337f55b995ec7e1604934b683,null,null,7.5,7,4,7,0,-1,-1,Lapsana-comum
59,equisetum-arvense,Equisetum arvense,https://bs.plantnet.org/image/o/38b0d1c57a937cef46001b123e55b54585886243,Rhizomatous,Rapid,7,4,7,6,0,-1,-1,Cavalinha
60,angelica-sylvestris,Angelica sylvestris,https://bs.plantnet.org/image/o/7a7da67cf77302d2db6724f5eeb5c9dec8b841af,null,null,6.5,5.5,5,5,0,-1,-1,Angélica-silvestre
61,cistus-ladanifer,Cistus ladanifer,https://bs.plantnet.org/image/o/1084e7ffee110011cc6c57b319934a1e27d185cd,null,null,-1,-1,-1,-1,-1,-1,-1,Jara-prateada
62,rosmarinus-officinalis,Rosmarinus officinalis,https://bs.plantnet.org/image/o/45c47e31c6a0c5378581f0bc89c0b44405868dd1,null,null,-1,-1,-1,-1,-1,-1,-1,Alecrim
63,acer-platanoides,Acer platanoides,https://bs.plantnet.org/image/o/3f67eefdeb9588b3fcd8cd65ce24a2f11cd6e6bb,Single Stem,Slow,6.8,4.8,-1,-1,-1,-1,-1,Bordo-norueguês
64,lathyrus-pratensis,Lathyrus pratensis,https://bs.plantnet.org/image/o/74f3cbc9151ee23c6b89c00e2a39e92e1bd70aae,null,null,7.5,7,6,5,0,-1,-1,Ervilha-dos-prados
65,silene-flos-cuculi,Silene flos-cuculi,https://bs.plantnet.org/image/o/ee821a3c7ff664bd849f502396c07daf315bb9c8,null,null,-1,-1,-1,-1,-1,-1,-1,Silene
66,pinus-pinaster,Pinus pinaster,https://bs.plantnet.org/image/o/4f474ee8ea9b1bfddc0634d8164dc8dc9b9db404,null,null,5.5,5,8,3,1,-1,-1,Pinheiro-bravo
67,picea-abies,Picea abies,https://bs.plantnet.org/image/o/839086b536fc2782b9c1cc0f9687b97f3a18ef43,Single Stem,Slow,7,5,7,5,0,-1,-1,Abeto-comum
68,hypericum-perforatum,Hypericum perforatum,https://bs.plantnet.org/image/o/f9c316ccbd7c6e99011d9fff72d90cb6a3ad08c8,null,null,7,6.5,7,5,0,-1,-1,Hipérico
69,daucus-carota,Daucus carota,https://bs.plantnet.org/image/o/051631f859a3a433e2954747fa1bdb6bc09a0e66,null,null,7,6.5,8,6,0,-1,-1,Cenoura-silvestre
70,cardamine-pratensis,Cardamine pratensis,https://bs.plantnet.org/image/o/14beb4902fb3e6ecf26640e7c8d330bf91877f02,null,null,7.5,7,6,5,0,-1,-1,Cardamine-dos-prados
71,geum-urbanum,Geum urbanum,https://bs.plantnet.org/image/o/e94da91d689bba6ae9afd825fbec8df90d46b400,null,null,7,6.5,5,7,0,-1,-1,Erva-urbana
72,populus-tremula,Populus tremula,https://bs.plantnet.org/image/o/f3449aef992de448dcfd4242f94f62780727ae77,null,null,5.5,5,8,5,0,-1,-1,Choupo-tremedor
73,vicia-cracca,Vicia cracca,https://bs.plantnet.org/image/o/2f3a45757592d573823bad3278990ae85763d091,Rhizomatous,Moderate,7,4.9,6,5,0,-1,-1,Ervilha-de-cheiro
74,phalaris-arundinacea,Phalaris arundinacea,https://bs.plantnet.org/image/o/c43cde942d68b916cabc35b415d92ba588786862,Rhizomatous,Rapid,8.2,4.9,8,7,0,-1,-1,Caniço-de-lugar
75,juniperus-communis,Juniperus communis,https://bs.plantnet.org/image/o/e4676fc7c7ba86abd9273548ad8542756d3d8e23,null,null,-1,-1,-1,-1,-1,-1,-1,Zimbro
76,elymus-repens,Elymus repens,https://bs.plantnet.org/image/o/afdb865003c6a527a8b8a80e8f6972cab61e566b,Rhizomatous,Rapid,7.8,5.2,7,7,1,-1,-1,Triticale-repentino
77,galium-verum,Galium verum,https://bs.plantnet.org/image/o/8b45fa4de6b2474ea9fd49775f763a699b109161,null,null,7.5,7,7,3,0,-1,-1,Dádiva-dos-pássaros
78,lythrum-salicaria,Lythrum salicaria,https://bs.plantnet.org/image/o/e42dd296a1fd0fe265bde29e60175cb9326bb9ec,null,null,7,6.5,7,6,0,-1,-1,Salicária
79,rumex-acetosella,Rumex acetosella,https://bs.plantnet.org/image/o/b59a263f63cb80c6332e5f580f27cde38025e452,null,null,4.5,4,8,2,0,-1,-1,Azeda
80,rumex-obtusifolius,Rumex obtusifolius,https://bs.plantnet.org/image/o/bff585ae8c8d50ee79cafc9bccce500a4d0ded8b,null,null,7,6.5,8,8,0,-1,-1,Paciência
81,leucanthemum-vulgare,Leucanthemum vulgare,https://bs.plantnet.org/image/o/cc03c870f80172d0faf20d14ff8291d050afd13f,Bunch,Moderate,7,5.2,8,5,0,-1,-1,Margarida-branca
82,epilobium-hirsutum,Epilobium hirsutum,https://bs.plantnet.org/image/o/5fff85d7218e63340017bdcdcc323ef26efbce32,null,null,8,7.5,7,8,0,-1,-1,Epilóbio
83,dryopteris-filix-mas,Dryopteris filix-mas,https://bs.plantnet.org/image/o/0d032ccdbc62d58f986aa11f896db68c240059c0,null,null,6.5,5.5,3,6,0,-1,-1,Feto-macho
84,artemisia-vulgaris,Artemisia vulgaris,https://bs.plantnet.org/image/o/066b219abe419d2cc635855c06df8f5850497095,null,null,7,6.5,7,8,0,-1,-1,Artemísia
85,cornus-sanguinea,Cornus sanguinea,https://bs.plantnet.org/image/o/8442e0e7408464c8fe91f7d931d318322bdb3163,null,null,7.5,7,6,5,0,-1,-1,Corniso-selvagem
86,fragaria-vesca,Fragaria vesca,https://bs.plantnet.org/image/o/4f45fd2d82661996f5d5a5613b39bdd1287a56bc,null,null,7.5,7,5,5,0,-1,-1,Morango-silvestre
87,rumex-crispus,Rumex crispus,https://bs.plantnet.org/image/o/d2208e617bd795ff20f638d6173bb80d19be4eb6,null,null,6.5,5.5,7,8,0,-1,-1,Cártamo-azedo
88,caltha-palustris,Caltha palustris,https://bs.plantnet.org/image/o/d17b1b3c76658c895d661d598251b10784411763,Single Crown,Slow,6.8,4.9,4,6,0,-1,-1,Calta
89,galium-palustre,Galium palustre,https://bs.plantnet.org/image/o/a9c39e07a90fb639099fcf9dc6baa753f06cb4dc,null,null,-1,-1,-1,-1,-1,-1,-1,Dádiva-do-pântano
90,polygonum-aviculare,Polygonum aviculare,https://bs.plantnet.org/image/o/a4462ace6b925f24b1c7dc20e9e7bf76bb63647e,null,null,6.5,5.5,7,8,0,-1,-1,Rabo-de-gato
91,tussilago-farfara,Tussilago farfara,https://bs.plantnet.org/image/o/da90d727cf75a6d32a222cc589162d81392517d4,null,null,8,7.5,7,7,0,-1,-1,Tussilagem
92,stellaria-media,Stellaria media,https://bs.plantnet.org/image/o/367f07ccbdd7c7231d734f959fdfd69d3eac94e2,null,null,-1,-1,-1,-1,-1,-1,-1,Estrela-dos-campos
93,triticum-aestivum,Triticum aestivum,https://bs.plantnet.org/image/o/18b4a6d639d601cfc3454745b2790572c5b74d63,Bunch,Rapid,8,5.5,9,7,0,-1,-1,Trigo
94,iris-pseudacorus,Iris pseudacorus,https://bs.plantnet.org/image/o/043ebfc31ccb2999b3354a7fc2626c061d00b5f3,null,null,7.5,7,7,7,0,-1,-1,Lírio-amarelo
95,rubus-idaeus,Rubus idaeus,https://bs.plantnet.org/image/o/3b3a54636d4be030d9ac190474415f3a2f3d7e6b,Thicket Forming,Moderate,7.5,5,5,6,0,-1,-1,Framboesa
96,capsella-bursa-pastoris,Capsella bursa-pastoris,https://bs.plantnet.org/image/o/ae0bc0533169c2a9daeadbdbb985f7dadcb66ba8,null,null,-1,-1,-1,-1,-1,-1,-1,Bolsa-de-pastor
97,lysimachia-vulgaris,Lysimachia vulgaris,https://bs.plantnet.org/image/o/666d004f348647705de4ec55176c203782083167,null,null,-1,-1,-1,-1,-1,-1,-1,Loosestrife-comum
98,jacobaea-vulgaris,Jacobaea vulgaris,https://bs.plantnet.org/image/o/dc91b312da2f105f27d3b7e70199e9b6b4a111de,null,null,-1,-1,-1,-1,-1,-1,-1,Arnica
99,argentina-anserina,Argentina anserina,https://d2seqvvyy3b8p2.cloudfront.net/56e0e199c12748c3ab85be84bf68b161.jpg,Stoloniferous,Rapid,8,7,6,7,2,-1,-1,Cabelos-de-vênus
100,eupatorium-cannabinum,Eupatorium cannabinum,https://bs.plantnet.org/image/o/7c2ebf31a2ec7e835ed895fd8a6a46016758b3d7,null,null,7.5,7,5,7,0,-1,-1,Cânhamo-aquático
101,medicago-lupulina,Medicago lupulina,https://bs.plantnet.org/image/o/261eb8ea6e09e73f501315c854a604a5914100a7,Single Crown,Moderate,8,5.5,7,3,0,-1,-1,Luzerna
102,lonicera-periclymenum,Lonicera periclymenum,https://bs.plantnet.org/image/o/b0e1e131fe63164cf493e2c8805c613e70640a8a,null,null,5.5,5,5,4,0,-1,-1,Madressilva
103,solanum-dulcamara,Solanum dulcamara,https://bs.plantnet.org/image/o/104fdfd9f869285afe86b9ce59b53059953e4a5e,null,null,7,6.5,6,7,0,-1,-1,Beladona
104,campanula-rotundifolia,Campanula rotundifolia,https://bs.plantnet.org/image/o/7aa04e3027b423278b629678717006502f777e15,null,null,5.5,5,5,2,0,-1,-1,Campainhas
105,calystegia-sepium,Calystegia sepium,https://bs.plantnet.org/image/o/20b690d0b4fd584c21993b5aad41e4b4a059ff68,null,null,-1,-1,-1,-1,-1,-1,-1,Convolvulus
106,phleum-pratense,Phleum pratense,https://bs.plantnet.org/image/o/7fc8ec91e260f4daf2b0cbbd72a1c317ee78118a,Bunch,Rapid,8.4,5.5,7,5,0,-1,-1,Faveiro
107,carex-flacca,Carex flacca,https://bs.plantnet.org/image/o/fc6231bca39a314ba0362c517c449afb52171ef8,null,null,-1,-1,-1,-1,-1,-1,-1,Cégamo
108,aegopodium-podagraria,Aegopodium podagraria,https://bs.plantnet.org/image/o/0174b4eb4e145a96d959f8068ce8e6e4862db89e,null,null,-1,-1,-1,-1,-1,-1,-1,Pés-de-bode
109,ilex-aquifolium,Ilex aquifolium,https://bs.plantnet.org/image/o/2c93c09dc9b7f1a7eecb4c517b7d9129a2bfd59e,null,null,5,4.5,5,4,0,-1,-1,Azevinho
110,vicia-sativa,Vicia sativa,https://bs.plantnet.org/image/o/2d78b1ec932e8fa41749ae9f2eab1baabc917fe6,Single Stem,Rapid,7,6,6,7,0,-1,-1,Ervilha-silvestre
111,lycopus-europaeus,Lycopus europaeus,https://bs.plantnet.org/image/o/afd3550eff30a9163f33c92eb0c2d1dea6cad42f,null,null,-1,-1,-1,-1,-1,-1,-1,Lícopo
112,stellaria-graminea,Stellaria graminea,https://bs.plantnet.org/image/o/a47a2ea1bbcec4acbd599cec19609a78670e2987,null,null,-1,-1,-1,-1,-1,-1,-1,Estrela-dos-prados
113,betula-pubescens,Betula pubescens,https://bs.plantnet.org/image/o/0ea067505f21fb71bb32f0df748fecd6ba8d7d6c,null,null,-1,-1,-1,-1,-1,-1,-1,Vidoeiro-branco
114,potentilla-reptans,Potentilla reptans,https://bs.plantnet.org/image/o/a7e6362dc796fbf915534b0a09685a5567ef49d6,null,null,7.5,7,7,6,0,-1,-1,Potentilha-rasteira
115,senecio-vulgaris,Senecio vulgaris,https://bs.plantnet.org/image/o/789db8a83a9ab9719d711d0169221e46ad78e567,Single Crown,Rapid,8.5,5,7,7,0,-1,-1,Senécio
116,convolvulus-arvensis,Convolvulus arvensis,https://bs.plantnet.org/image/o/79250f254e938f24393f1121d04db09988bc4771,null,null,-1,-1,-1,-1,-1,-1,-1,Corriola
117,bromus-hordeaceus,Bromus hordeaceus,https://bs.plantnet.org/image/o/7b9f7118f9a78a2dd57f9941322683e378076b27,null,null,-1,-1,-1,-1,-1,-1,-1,Brômus
118,athyrium-filix-femina,Athyrium filix-femina,https://bs.plantnet.org/image/o/0607f6e466d0e291de96ec91f988c8f97a48d9ca,Rhizomatous,Moderate,7,4.5,3,6,0,-1,-1,Athyrium
119,mentha-aquatica,Mentha aquatica,https://bs.plantnet.org/image/o/04fdf5bbfec0530275456e500ef895fd02514de6,null,null,6.5,5.5,5,6,2,-1,-1,Hortelã-aquática
120,acer-campestre,Acer campestre,https://bs.plantnet.org/image/o/2ac0e3d355f929312ce04b827f34b658b95224b6,null,null,7.5,7,8,5,0,-1,-1,Bordo-bravo
121,centaurea-jacea,Centaurea jacea,https://bs.plantnet.org/image/o/47df527029bb7099905a6d4f6666c07b0d405350,null,null,7,6.5,8,5,0,-1,-1,Centáurea-menor
122,ajuga-reptans,Ajuga reptans,https://bs.plantnet.org/image/o/537f02aead08645eaabec85e618d47a38e297b13,null,null,4,3,7,1,0,-1,-1,Ajuga
123,lamium-galeobdolon,Lamium galeobdolon,https://bs.plantnet.org/image/o/5fea37aa0b0184849ff8a559780dfba81aafd98a,null,null,7,6.5,4,5,0,-1,-1,Lamium
124,sonchus-asper,Sonchus asper,https://bs.plantnet.org/image/o/0ee43b6ecd92ace0cecbb5ad0356167b0786f802,null,null,7.5,7,7,7,1,-1,-1,Serralha
125,prunus-avium,Prunus avium,https://bs.plantnet.org/image/o/7b35219c1b0bd6005a0f831e929517c7a34f3a62,null,null,6.5,5.5,7,5,0,-1,-1,Cerejeira-silvestre
126,ligustrum-vulgare,Ligustrum vulgare,https://bs.plantnet.org/image/o/456be21aa3b5340f4d7200bc6d037d60c3bb5510,null,null,-1,-1,-1,-1,-1,-1,-1,Ligustro
127,salvia-rosmarinus,Salvia rosmarinus,https://d2seqvvyy3b8p2.cloudfront.net/57995c9ccfdb2afc99ca1bcea4f7cc85.jpg,Multiple Stem,Moderate,7.5,5,-1,-1,-1,-1,-1,Alecrim
128,tanacetum-vulgare,Tanacetum vulgare,https://bs.plantnet.org/image/o/a0cef038af2afe9fdc18aed8ff76bd7077ec1645,null,null,8,7.5,8,7,0,-1,-1,Crisântemo-malmequer
129,silene-dioica,Silene dioica,https://bs.plantnet.org/image/o/769c114ccf66acc31e2e80d5f0a5d97128e30fc5,null,null,7.5,7,5,7,0,-1,-1,Silene-dioico
130,luzula-campestris,Luzula campestris,https://bs.plantnet.org/image/o/5675d84b65255d2780641b372987338c9209afbf,null,null,5,4.5,7,3,0,-1,-1,Luzula-campestra
131,primula-veris,Primula veris,https://bs.plantnet.org/image/o/4a344a270fcb183ee580223321cef8a67905317c,null,null,8,7.5,7,3,0,-1,-1,Primavera
132,chelidonium-majus,Chelidonium majus,https://bs.plantnet.org/image/o/9a07510e577c3eba7a96a3a75bc0a1a015cc352c,null,null,-1,-1,-1,-1,-1,-1,-1,Celidônia
133,oxalis-acetosella,Oxalis acetosella,https://bs.plantnet.org/image/o/424efba60855007d061a6690606401ab93647142,null,null,5.5,5,4,6,0,-1,-1,Trevo-azedo
134,impatiens-glandulifera,Impatiens glandulifera,https://bs.plantnet.org/image/o/237c7542b24c7fbda737dc9af7e7a4d5ab5008e9,null,null,7.5,7,5,7,0,-1,-1,Balsamina
135,carpinus-betulus,Carpinus betulus,https://bs.plantnet.org/image/o/fd692e307f11611002209db5b19d9aff54d45c91,null,null,6.5,5.5,7,5,0,-1,-1,Carvalho-alvarinho
136,rosa-canina,Rosa canina,https://bs.plantnet.org/image/o/658bff43fbf3b22296b0206094ab2d01852c41e5,null,null,6.5,5.5,7,5,0,-1,-1,Roseira-brava
137,pinus-nigra,Pinus nigra,https://bs.plantnet.org/image/o/d25550f6fef248d531d2d8e158115b8660ed91c0,null,null,-1,-1,-1,-1,-1,-1,-1,Pinheiro-negro
138,juncus-articulatus,Juncus articulatus,https://bs.plantnet.org/image/o/ed406c2fc06b9ed4c842eb0c62cf007b575554ca,Rhizomatous,Moderate,7.5,4.8,8,5,1,-1,-1,Junco-articulado
139,vicia-sepium,Vicia sepium,https://bs.plantnet.org/image/o/6f0a0553a47b3acf9a451b09bcdd61d6521ea7a8,null,null,7,6.5,6,6,0,-1,-1,Ervilha-dos-campos
140,lamium-purpureum,Lamium purpureum,https://bs.plantnet.org/image/o/dfd80f8ba30a21b35a3dee2a64f08fe97a31ad20,null,null,7.5,7,7,8,0,-1,-1,Lamium-roxo
141,rubus-fruticosus,Rubus fruticosus,https://d2seqvvyy3b8p2.cloudfront.net/66bbdb9f2290b0266cda6ee82ce1c38c.jpg,null,null,-1,-1,-1,-1,-1,-1,-1,Silvas
142,frangula-alnus,Frangula alnus,https://bs.plantnet.org/image/o/1a0a2f9c5c5b1f5f3910076ea7a43d868dc39465,Multiple Stem,Rapid,6.5,5,-1,-1,-1,-1,-1,Espinheiro-negro
143,crepis-capillaris,Crepis capillaris,https://bs.plantnet.org/image/o/20cdf46d006e4e7e889596a97944cb40f3aa6ead,null,null,-1,-1,-1,-1,-1,-1,-1,Amor-dos-homens
144,chenopodium-album,Chenopodium album,https://bs.plantnet.org/image/o/7210dfc0c2a48bdde194bef37c7b7956974bc1b7,null,null,6.5,5.5,8,7,0,-1,-1,Figueira-brava
145,carex-nigra,Carex nigra,https://bs.plantnet.org/image/o/f40b2a0f29827c22337a95c6ffafcc7b4ad4d782,null,null,-1,-1,-1,-1,-1,-1,-1,Carex-negra
146,sonchus-oleraceus,Sonchus oleraceus,https://bs.plantnet.org/image/o/d4ae781c9048ff38e879d0eb0fe5f3bbdc5a7b83,null,null,8,7.5,8,7,0,-1,-1,Serralha
147,scorzoneroides-autumnalis,Scorzoneroides autumnalis,https://bs.plantnet.org/image/o/20373e31604e4cbbe42e3b984fd9abded5c4e952,null,null,6.5,5.5,8,5,0,-1,-1,Escorzonera
148,brachypodium-sylvaticum,Brachypodium sylvaticum,https://bs.plantnet.org/image/o/f319c5883fae17134bcdadfb4c95c559fcdd7d0a,null,null,7,6.5,4,6,0,-1,-1,Brachipódio
149,alopecurus-pratensis,Alopecurus pratensis,https://bs.plantnet.org/image/o/b789d401938e5bea1ffecb2025f3504657726227,null,null,-1,-1,-1,-1,-1,-1,-1,Rabo-de-raposa
150,glyceria-fluitans,Glyceria fluitans,https://bs.plantnet.org/image/o/71c1bd2e2dffcb8d0ff73358b2a2c2ed3acdbfb4,null,null,5.5,5,7,4,0,-1,-1,Glicerídeas
151,olea-europaea,Olea europaea,https://bs.plantnet.org/image/o/de82f7f1a82590515b6c24c36fb52c0c745751d6,null,null,7,6.5,8,6,0,-1,-1,Oliveira
152,pinus-halepensis,Pinus halepensis,https://bs.plantnet.org/image/o/00f0ceb9680d992d9240817d3c2a26df489b5868,null,null,7.5,7,8,4,0,-1,-1,Pinheiro-de-alepo
153,lotus-pedunculatus,Lotus pedunculatus,https://bs.plantnet.org/image/o/55980b4b3a3dd58cc7fe44a31a36aeb5dbb5cacf,Single Crown,Moderate,7.3,6,7,4,0,-1,-1,Trevo-de-pé-de-galinha
154,stachys-sylvatica,Stachys sylvatica,https://bs.plantnet.org/image/o/f560d0126d6587cb8867f14a76df37720b58d5bb,null,null,7.5,7,4,7,0,-1,-1,Betónica
155,euonymus-europaeus,Euonymus europaeus,https://bs.plantnet.org/image/o/14082652c21eeaa37b2fd62e02d5edab241996c6,null,null,7.5,7,6,5,0,-1,-1,Evónimo-europeu
156,solidago-virgaurea,Solidago virgaurea,https://bs.plantnet.org/image/o/b8fee939759fb7b971b4254f10e40a23ef28c5c9,null,null,6.5,5.5,6,4,0,-1,-1,Vara-de-ouro
157,knautia-arvensis,Knautia arvensis,https://bs.plantnet.org/image/o/a4130c3239340494b29d8ed199aef3200fd19a30,null,null,7.5,7,7,4,0,-1,-1,Escabiosa-dos-campos
158,cytisus-scoparius,Cytisus scoparius,https://bs.plantnet.org/image/o/b6a37f90892586ec0aa8f0bd56051afbb2e39f71,Multiple Stem,Rapid,7,5.5,8,4,0,-1,-1,Tojo
159,succisa-pratensis,Succisa pratensis,https://bs.plantnet.org/image/o/360587288fededdb342a992b1ef74cdf35f7cfa7,null,null,6.5,5.5,6,2,0,-1,-1,Sucisa-dos-prados
160,potentilla-anserina,Potentilla anserina,https://bs.plantnet.org/image/o/5506a14f5b952d1f5a41613f53af43b60eda3c4c,null,null,-1,-1,-1,-1,-1,-1,-1,Pés-de-ganso
161,galeopsis-tetrahit,Galeopsis tetrahit,https://bs.plantnet.org/image/o/6bf9985e37c0eaafdd9ef7c74ea604906a89c265,null,null,6.5,5.5,5,7,0,-1,-1,Urtiga-branca
162,veronica-officinalis,Veronica officinalis,https://bs.plantnet.org/image/o/831ae89f88bde8cc033a012271f0e61af7e04ae5,null,null,5,4.5,5,3,0,-1,-1,Veronica
163,ranunculus-flammula,Ranunculus flammula,https://bs.plantnet.org/image/o/e0ab3f57601a2a5ef513ecbbaab008d99f268d32,Stoloniferous,Moderate,7.5,6,7,2,1,-1,-1,Ranúnculo
164,briza-media,Briza media,https://bs.plantnet.org/image/o/79cabaccff9a45be36c18b0b40b00e444a36b380,null,null,7.5,7,8,2,0,-1,-1,Trevo-de-ovelha
165,viburnum-opulus,Viburnum opulus,https://bs.plantnet.org/image/o/bd5764f91ee1df0d01ad535859136381cee4ecbc,Multiple Stem,Slow,7,5.2,6,6,0,-1,-1,Sanguinheira
166,linaria-vulgaris,Linaria vulgaris,https://bs.plantnet.org/image/o/1d7c03e80b882c622e55b93b14ad8986a541fcae,null,null,-1,-1,-1,-1,-1,-1,-1,Linária-comum
167,cerastium-fontanum,Cerastium fontanum,https://bs.plantnet.org/image/o/f050982195d2a5b0b7b8a5cf92fd9ca4b64c1d4b,null,null,6.5,5.5,7,6,1,-1,-1,Orelhas-de-rato
168,prunus-padus,Prunus padus,https://bs.plantnet.org/image/o/21b977f256f1964e51f50c7cb6bc415b0957f998,Single Stem,Moderate,7,5,6,5,0,-1,-1,Tilheiro
169,cynosurus-cristatus,Cynosurus cristatus,https://bs.plantnet.org/image/o/4ae973f769434ed9e86b46256b8f97add5f77e9c,null,null,6.5,5.5,8,5,0,-1,-1,Barba-de-bode
170,luzula-multiflora,Luzula multiflora,https://bs.plantnet.org/image/o/168839492836fdd9304b0ca79e8de6a84a6b7143,null,null,-1,-1,-1,-1,-1,-1,-1,Luzula
171,oryza-sativa,Oryza sativa,https://bs.plantnet.org/image/o/5898f6ba6bdff105d07fee09b16e9c85f28b6672,null,null,7.5,7,9,8,0,-1,-1,Arroz
172,galium-mollugo,Galium mollugo,https://bs.plantnet.org/image/o/8d555fb455adba7381812cfc29949d4f8fe84bde,null,null,7.5,7,8,6,0,-1,-1,Erva-come-fel
173,veronica-persica,Veronica persica,https://bs.plantnet.org/image/o/5a51a4e0d7913d5c34b73d810a073784551adde8,null,null,7.5,7,7,7,0,-1,-1,Veronica-persa
174,equisetum-fluviatile,Equisetum fluviatile,https://bs.plantnet.org/image/o/3c187fd4e59e4b6639ac74f256abb0580c6fa755,Rhizomatous,Rapid,6,4.5,7,5,0,-1,-1,Cavalinha-dos-riachos
175,eriophorum-angustifolium,Eriophorum angustifolium,https://bs.plantnet.org/image/o/1a9e5e5f7c560b98197e01bea3b969a2bfec9661,Bunch,Moderate,6.5,4,8,2,0,-1,-1,Algodoeiro-angustifólio
176,clematis-vitalba,Clematis vitalba,https://bs.plantnet.org/image/o/4498e2d3a349d9885c659671c6b047f46fa33054,null,null,7.5,7,6,7,0,-1,-1,Clematite
177,silene-vulgaris,Silene vulgaris,https://bs.plantnet.org/image/o/9e4dc880d06ff61d645e492d6b54923b51bece32,null,null,7.5,7,8,5,0,-1,-1,Silene-vulgar
178,erigeron-canadensis,Erigeron canadensis,https://bs.plantnet.org/image/o/86eb5d75c66e9900e6c73d5ca8973dc139d6a3df,Single Crown,Rapid,7.2,4.8,8,7,0,-1,-1,Condrilhos-dos-campos
179,vaccinium-vitis-idaea,Vaccinium vitis-idaea,https://bs.plantnet.org/image/o/5a2f9af8d446a571971c2c97e6b4cedc0a798e52,Rhizomatous,Moderate,6,4.5,5,3,0,-1,-1,Uva-do-monte
180,alisma-plantago-aquatica,Alisma plantago-aquatica,https://bs.plantnet.org/image/o/7ef192fcece18ec4d812921ec208593998bbad4d,null,null,-1,-1,-1,-1,-1,-1,-1,Cúndia
181,myosotis-scorpioides,Myosotis scorpioides,https://bs.plantnet.org/image/o/57ce275132a1334c03bbccd7f57a8092f3b96e45,Rhizomatous,Moderate,7.5,5.5,8,5,0,-1,-1,Não-me-esqueças
182,dryopteris-carthusiana,Dryopteris carthusiana,https://bs.plantnet.org/image/o/0cec6b8d1e2427996f680fc903429818cf122677,null,null,5.5,5,3,4,0,-1,-1,Chorão
183,euphorbia-cyparissias,Euphorbia cyparissias,https://bs.plantnet.org/image/o/b325036b5d2105cb403972644883a61de3a99f18,null,null,7.5,7,8,3,0,-1,-1,Eufórbia-ciparíssia
184,carex-panicea,Carex panicea,https://bs.plantnet.org/image/o/13730945e79c984359f0160cbb23311df779d342,null,null,-1,-1,-1,-1,-1,-1,-1,Carriça-panícula
185,typha-latifolia,Typha latifolia,https://bs.plantnet.org/image/o/896148400cd6f86e1fc848891e6373451a8178fc,Rhizomatous,Rapid,8.7,5.5,8,8,1,-1,-1,Espadeira
186,bromus-erectus,Bromus erectus,https://bs.plantnet.org/image/o/ab6075a5082a2fb7d544819e19fb711988146045,null,null,-1,-1,-1,-1,-1,-1,-1,Bromo-erecto
187,rabelera-holostea,Rabelera holostea,https://bs.plantnet.org/image/o/fb8d3a650d6a7da3d73f5433ffc510d7daa8932d,null,null,-1,-1,-1,-1,-1,-1,-1,Sem-vergonha
188,veronica-arvensis,Veronica arvensis,https://bs.plantnet.org/image/o/487c44fe077f20077dfd692f4e96e3803247c1c5,null,null,7,6.5,7,6,0,-1,-1,Verónica-dos-campos
189,pinus-pinea,Pinus pinea,https://bs.plantnet.org/image/o/582f699262f6df0c90cf16ecbb4a8638c12cc447,null,null,7.5,7,8,4,0,-1,-1,Pinheiro-manso
190,silene-latifolia,Silene latifolia,https://bs.plantnet.org/image/o/0cf2d0b9b027544e13da43535d393acbafdbe798,null,null,6.5,5.5,8,7,0,-1,-1,Silene-dos-bosques
191,reynoutria-japonica,Reynoutria japonica,https://bs.plantnet.org/image/o/511492db294035daeed18f12ef2c184a50ec6a6d,null,null,6.5,5.5,7,8,0,-1,-1,Reynoutria-japónica
192,ranunculus-bulbosus,Ranunculus bulbosus,https://bs.plantnet.org/image/o/a905a16ddae6a7e27460260d30b59c84359c0f5b,null,null,7.5,7,8,3,0,-1,-1,Ranúnculo-tuberoso
193,viola-riviniana,Viola riviniana,https://bs.plantnet.org/image/o/addfe44da5eaa8ab33c18e7b55a798a8d20a854d,null,null,-1,-1,-1,-1,-1,-1,-1,Violeta-ruiva
194,geranium-dissectum,Geranium dissectum,https://bs.plantnet.org/image/o/92e20480ca2aa02b1e5018f59635c49a93055657,null,null,8,7.5,7,6,0,-1,-1,Gerânio-dissecto
195,teucrium-scorodonia,Teucrium scorodonia,https://bs.plantnet.org/image/o/09205e8d8de782d8d6f48bce3f39acc24c39488b,null,null,5.5,5,5,4,0,-1,-1,Escorodónia
196,nardus-stricta,Nardus stricta,https://bs.plantnet.org/image/o/bc79c050f85c77cdd635ab619a0ee70f17329f67,null,null,4.5,4,8,2,0,-1,-1,Nardo-estreito
197,trifolium-dubium,Trifolium dubium,https://bs.plantnet.org/image/o/00d893c037ddf5b3f4291fea00dc67a8a8b54cec,null,null,7,6.5,6,5,0,-1,-1,Trevo-amarelo
198,carex-hirta,Carex hirta,https://bs.plantnet.org/image/o/d8c7d3d129fb5abba5e4c8ab243d7b5f1000277b,null,null,7.5,7,7,7,0,-1,-1,Carriça-dos-bosques
199,equisetum-palustre,Equisetum palustre,https://bs.plantnet.org/image/o/8fb4d1ef9de13f4c3f033146377a1f0931bc0065,null,null,6.5,5.5,7,4,0,-1,-1,Cavalinha-dos-pântanos
200,matricaria-discoidea,Matricaria discoidea,https://bs.plantnet.org/image/o/ae2676f16dbe8c6495946e32eff656a97ddd6c20,null,null,7,6.5,8,8,0,-1,-1,Camomila-discoideia
201,pimpinella-saxifraga,Pimpinella saxifraga,https://bs.plantnet.org/image/o/2baf889544aa87872a955dfefad455350efa03ed,null,null,7.5,7,7,2,0,-1,-1,Pimpinela
202,poa-nemoralis,Poa nemoralis,https://bs.plantnet.org/image/o/3f74b558fcfa16295e1247d370ae0fbfdb9f478d,Rhizomatous,Moderate,6.5,5.5,5,4,0,-1,-1,Pau-da-montanha
203,carex-rostrata,Carex rostrata,https://bs.plantnet.org/image/o/aefa03953f0eeae855679882c59d914fd2d6948e,null,null,-1,-1,-1,-1,-1,-1,-1,Carriça-de-bico
204,empetrum-nigrum,Empetrum nigrum,https://bs.plantnet.org/image/o/2e19e3f60e1ee5ac7e5163b25fd04f4139aa47a7,Stoloniferous,Slow,7.8,4.3,7,2,0,-1,-1,Urze-preta
205,hordeum-vulgare,Hordeum vulgare,https://bs.plantnet.org/image/o/4566ea9be7dc52a428c32b13a545c8256cd18285,Bunch,Rapid,8.5,5,8,7,0,-1,-1,Cevada
206,agrimonia-eupatoria,Agrimonia eupatoria,https://bs.plantnet.org/image/o/35a2e338466068f8636c1764b8d31f6298dee718,null,null,-1,-1,-1,-1,-1,-1,-1,Agrimónia
207,dryopteris-dilatata,Dryopteris dilatata,https://bs.plantnet.org/image/o/43f1a30447556bbc5febddac834dc300ab047e51,null,null,5.5,5,3,5,0,-1,-1,Chorão
208,lonicera-xylosteum,Lonicera xylosteum,https://bs.plantnet.org/image/o/deaefd2d4d848463aafc68d041543d7152be73d5,null,null,7.5,7,6,5,0,-1,-1,Madressilva
209,lysimachia-arvensis,Lysimachia arvensis,https://d2seqvvyy3b8p2.cloudfront.net/1e7ed4b57eedd84dd276e46252084693.jpg,null,null,7,6.5,7,7,0,-1,-1,Lysimachia
210,festuca-ovina,Festuca ovina,https://bs.plantnet.org/image/o/f8a06f206011dc0a2e730c05fd0729f0151b08e4,Rhizomatous,Moderate,6.5,5.5,8,5,0,-1,-1,Feto-ovino
211,bromus-sterilis,Bromus sterilis,https://bs.plantnet.org/image/o/a7086ca87ede3002e818f0fa7b4388e50d9055e0,null,null,-1,-1,-1,-1,-1,-1,-1,Brome-estéril
212,rubus-caesius,Rubus caesius,https://bs.plantnet.org/image/o/84267f371cd5a2d4bb9493437c54c2ed7945d248,null,null,7.5,7,6,5,1,-1,-1,Silvaninha
213,lamium-album,Lamium album,https://bs.plantnet.org/image/o/55f2fb80ae28556dc1a416bab7ec0e9f23a41dea,null,null,-1,-1,-1,-1,-1,-1,-1,Lamio-branco
214,lolium-arundinaceum,Lolium arundinaceum,https://d2seqvvyy3b8p2.cloudfront.net/97b45feb7036cedd78aa2333f10c3071.jpg,null,null,-1,-1,-1,-1,-1,-1,-1,Estrela-dos-campos
215,myosotis-arvensis,Myosotis arvensis,https://bs.plantnet.org/image/o/0f3e9db90cc88e3424d32985fa2ccb7979b15ba0,null,null,6.5,5.5,6,6,0,-1,-1,Não-me-esqueças-dos-campos
216,castanea-sativa,Castanea sativa,https://bs.plantnet.org/image/o/08efe49fa072d50183fea2cec9b80612b48a1cdc,null,null,-1,-1,-1,-1,-1,-1,-1,Castanheiro
217,holcus-mollis,Holcus mollis,https://bs.plantnet.org/image/o/a73da8ed33b06707e255b3a4b59fc27b4015de87,null,null,5,4.5,5,3,0,-1,-1,Perna-de-pau
218,origanum-vulgare,Origanum vulgare,https://bs.plantnet.org/image/o/856c07cfa49f4665dbcc7434542d0f1e27cb17eb,null,null,7.5,7,6,4,0,-1,-1,Orégão
219,symphytum-officinale,Symphytum officinale,https://bs.plantnet.org/image/o/fbca8d55cf0e58bc61e99bf190dc679071f0ee4a,null,null,7.5,7,7,7,0,-1,-1,Confrei
220,lemna-minor,Lemna minor,https://bs.plantnet.org/image/o/900c5abdc662b4aa0bb8ca5a3a7861488327e02c,Single Crown,Rapid,8.8,4.1,7,5,1,-1,-1,Lentilha-de-água
221,digitalis-purpurea,Digitalis purpurea,https://bs.plantnet.org/image/o/5b87208f7ae140dad0f09facc46b511839273c0b,null,null,-1,-1,-1,-1,-1,-1,-1,Dedaleira
222,pilosella-officinarum,Pilosella officinarum,https://bs.plantnet.org/image/o/44e695a74c98dbaff809fe95fd4bdb3a3874aa12,null,null,-1,-1,-1,-1,-1,-1,-1,Não-me-esqueças-pequeno
223,juncus-bufonius,Juncus bufonius,https://bs.plantnet.org/image/o/60ebd1de21b3dfe853e57a17074ea1baba82c0b1,Bunch,Rapid,7.6,4.6,7,5,0,-1,-1,Junco
224,erodium-cicutarium,Erodium cicutarium,https://bs.plantnet.org/image/o/2bfdd76139914cb68159ea04db792cfcf4b01bf5,null,null,-1,-1,-1,-1,-1,-1,-1,Gerânio-pelargonium
225,valeriana-officinalis,Valeriana officinalis,https://bs.plantnet.org/image/o/ba1bf693db846396d7e034475488ee8c312fe934,null,null,7.5,7,7,6,0,-1,-1,Valeriana
226,papaver-rhoeas,Papaver rhoeas,https://bs.plantnet.org/image/o/401c147ff21437f2cc7a1629ca7afafdd07e1eeb,null,null,7.5,7,8,6,0,-1,-1,Papoila-dos-campos
227,viburnum-lantana,Viburnum lantana,https://bs.plantnet.org/image/o/7d45264dab00489f66411c56435a6189aa2e4133,Multiple Stem,Slow,7.5,5.5,7,4,0,-1,-1,Sabugueiro-branco
228,anthyllis-vulneraria,Anthyllis vulneraria,https://bs.plantnet.org/image/o/c34a0f8065912f22d9ea87584f8caefcf677c52c,null,null,7.5,7,8,2,0,-1,-1,Anthyllis
229,echium-vulgare,Echium vulgare,https://bs.plantnet.org/image/o/f5f5ca89c39fa26c8585ae6ae4fb4adf23973cc9,null,null,7,6.5,8,4,0,-1,-1,Víbora
230,comarum-palustre,Comarum palustre,https://bs.plantnet.org/image/o/c694e70ff1099d38aca09bf699427d4b5cf4ce92,null,null,-1,-1,-1,-1,-1,-1,-1,Rúbia-dos-pântanos
231,scrophularia-nodosa,Scrophularia nodosa,https://bs.plantnet.org/image/o/ab896abdd1d8d5fca0ca108d0ca42f7981828bed,null,null,7,6.5,5,6,0,-1,-1,Escrofulária
232,humulus-lupulus,Humulus lupulus,https://bs.plantnet.org/image/o/04bcc84188456eedc5a2bf703b0e7235d194837e,null,null,7.5,7,5,7,0,-1,-1,Lúpulo
233,mercurialis-perennis,Mercurialis perennis,https://bs.plantnet.org/image/o/4c9c715e727036b093add8dbd413e09615351c10,null,null,7,6.5,3,7,0,-1,-1,Mercurialis
234,convallaria-majalis,Convallaria majalis,https://bs.plantnet.org/image/o/14a65dc4d1be00ebb24d894c4d4151855d263930,Rhizomatous,Slow,7.5,5.5,4,4,0,-1,-1,Lírio-do-vale
235,robinia-pseudoacacia,Robinia pseudoacacia,https://bs.plantnet.org/image/o/5fbe3abeb5ae73f54b67cd4f85efff50a25b1f6c,Multiple Stem,Rapid,8.2,4.6,8,8,0,-1,-1,Amor-de-hortelão
236,persicaria-maculosa,Persicaria maculosa,https://bs.plantnet.org/image/o/2fbd50d1d3c58a5c19f220aff8f14acb0bf6f701,Single Crown,Rapid,8.5,4,7,8,0,-1,-1,Persicária
237,carex-sylvatica,Carex sylvatica,https://bs.plantnet.org/image/o/3a143ef02e3a864ddc0b5e074612867c5ed46307,null,null,-1,-1,-1,-1,-1,-1,-1,Carriça-dos-bosques
238,ononis-spinosa,Ononis spinosa,https://bs.plantnet.org/image/o/b5f8402c684055324c10db42e20383cfd2f0365f,null,null,-1,-1,-1,-1,-1,-1,-1,Ononis
239,neottia-ovata,Neottia ovata,https://bs.plantnet.org/image/o/349229f4de685dcf9286a9a789e676e91744a91b,null,null,7.5,7,3,7,0,-1,-1,Neottia
240,plantago-media,Plantago media,https://bs.plantnet.org/image/o/af0e8815d34b5fbacfcd6f8d7493309ae8de3a6a,null,null,7.5,7,7,3,0,-1,-1,Plantago
241,epipactis-helleborine,Epipactis helleborine,https://bs.plantnet.org/image/o/043f3cc5fefda5f93254aaa86ee69a705f75cbc9,null,null,6.5,5.5,3,5,0,-1,-1,Helleborina-comum
242,brachypodium-pinnatum,Brachypodium pinnatum,https://bs.plantnet.org/image/o/e87561544555422fbb7d46d50404fd1062be72fb,null,null,7.5,7,5,5,0,-1,-1,Brachiária-de-folhas-compridas
243,calamagrostis-epigejos,Calamagrostis epigejos,https://bs.plantnet.org/image/o/fb6a942f5095a43cdf80c5902f7f76552309a3e3,null,null,6.5,5.5,7,6,1,-1,-1,Cana-comum
244,cardamine-hirsuta,Cardamine hirsuta,https://bs.plantnet.org/image/o/d32b654f16662eb8290dfef1baf09733b1f66b67,null,null,6.5,5.5,5,7,0,-1,-1,Agrião-da-praia
245,juncus-conglomeratus,Juncus conglomeratus,https://bs.plantnet.org/image/o/190d85e036166acebf30ffecc3ddcd5e0e8b1773,Bunch,Moderate,8.8,5.5,8,3,0,-1,-1,Junco-aglomerado
246,quercus-petraea,Quercus petraea,https://bs.plantnet.org/image/o/25ca9dc44f385cd7861b424a200c824c73c88db6,null,null,6.5,5.5,8,4,0,-1,-1,Sobreiro
247,lactuca-serriola,Lactuca serriola,https://bs.plantnet.org/image/o/aa52deada30f132ee55f579500c9b735bd9d21d4,null,null,7.5,7,7,6,0,-1,-1,Alface-selvagem
248,vaccinium-uliginosum,Vaccinium uliginosum,https://bs.plantnet.org/image/o/48f203639b32c2bb89039117b964fa371f15e6a6,Multiple Stem,Moderate,5.7,4.5,5,3,0,-1,-1,Arando
249,geranium-molle,Geranium molle,https://bs.plantnet.org/image/o/681b874be13f040bcb3f03f743a51393902e0c9a,null,null,-1,-1,-1,-1,-1,-1,-1,Gerânio-macio
250,arum-maculatum,Arum maculatum,https://bs.plantnet.org/image/o/1875712523dd5e698b3173f4d2dab9be583f16d4,null,null,7.5,7,3,8,0,-1,-1,Jarro
251,geranium-sylvaticum,Geranium sylvaticum,https://bs.plantnet.org/image/o/1f45de648e96a67b7091904ecefa21dbaa45d5ad,null,null,7.5,7,5,7,0,-1,-1,Gerânio-silvestre
252,sedum-acre,Sedum acre,https://bs.plantnet.org/image/o/6f1e92f3f21e9e49b26997dea3d6fbbb68c6575b,null,null,7,6.5,8,3,0,-1,-1,Sedum
253,polypodium-vulgare,Polypodium vulgare,https://bs.plantnet.org/image/o/f56b0e73b215539b4adf4114168eb5e1dca77e72,null,null,-1,-1,-1,-1,-1,-1,-1,Polipódio-comum
254,zea-mays,Zea mays,https://bs.plantnet.org/image/o/392c8228538e6d2735e3a269ab6f5b1972feb7be,Single Stem,Rapid,7.5,5.5,9,8,0,-1,-1,Milho
255,viola-arvensis,Viola arvensis,https://bs.plantnet.org/image/o/eb67e6fc66875ab4fe312007eafa9e163f76a003,null,null,-1,-1,-1,-1,-1,-1,-1,Violeta-dos-campos
256,achillea-ptarmica,Achillea ptarmica,https://bs.plantnet.org/image/o/19c651856a83fbc545a719dc5562e7bb62f7cd99,null,null,5.5,5,8,4,0,-1,-1,Mil-folhas
257,veronica-serpyllifolia,Veronica serpyllifolia,https://bs.plantnet.org/image/o/38e085472448feab2d567f167573c74461878122,null,null,6.5,5.5,7,5,0,-1,-1,Verónica
258,tilia-cordata,Tilia cordata,https://bs.plantnet.org/image/o/145f731a93ecb612fa12a1861c715d4944f17b96,Single Stem,Moderate,7.2,4.8,7,5,0,-1,-1,Tília
259,sonchus-arvensis,Sonchus arvensis,https://bs.plantnet.org/image/o/a11c01d0faaf19f63de9efda288fbeae7a5342b3,null,null,7.5,7,7,6,1,-1,-1,Serralha
260,pistacia-lentiscus,Pistacia lentiscus,https://bs.plantnet.org/image/o/a2bde857c21b179504cbb8ef7120c780651e2460,null,null,6.5,5.5,7,5,0,-1,-1,Lentisco
261,epilobium-montanum,Epilobium montanum,https://bs.plantnet.org/image/o/f503f3339e576187828e4284ee1610a4ce99c89b,null,null,6.5,5.5,5,6,0,-1,-1,Salgueirinha-de-folhas-estreitas
262,salix-alba,Salix alba,https://bs.plantnet.org/image/o/235447642ff7a4a72d4fd64db69159844896ff75,null,null,-1,-1,-1,-1,-1,-1,-1,Salgueiro-branco
263,erica-tetralix,Erica tetralix,https://bs.plantnet.org/image/o/eb9e8de66941fa68a93cd1caf9e2d086b9d623cd,null,null,4.5,4,6,2,0,-1,-1,Urze
264,melampyrum-pratense,Melampyrum pratense,https://bs.plantnet.org/image/o/94ca5146022cbb6e5f8fba14776e83da2d1bef0a,null,null,5,4.5,6,2,0,-1,-1,Tinhosa
265,tripleurospermum-inodorum,Tripleurospermum inodorum,https://bs.plantnet.org/image/o/72a3731a3036875b596c60cdb7dd87efe0b5407f,null,null,7,6.5,8,6,0,-1,-1,Camomila-malmequer
266,eleocharis-palustris,Eleocharis palustris,https://bs.plantnet.org/image/o/b28acfaa2f16adaa6ef81ab931313cd69f954243,Rhizomatous,Moderate,8,4,8,5,1,-1,-1,Junça-dos-pântanos
267,solanum-nigrum,Solanum nigrum,https://d2seqvvyy3b8p2.cloudfront.net/4fef33fde95d87b1344335f39b64a466.jpg,null,null,7.5,7,7,8,0,-1,-1,Erva-moira
268,arenaria-serpyllifolia,Arenaria serpyllifolia,https://bs.plantnet.org/image/o/db5b793c111677b824af04db99fb204bd2a360b5,null,null,-1,-1,-1,-1,-1,-1,-1,Arenária
269,leontodon-hispidus,Leontodon hispidus,https://bs.plantnet.org/image/o/47c27c6f6768f23f50ace6f0c3eb31446b8ac675,null,null,-1,-1,-1,-1,-1,-1,-1,Cerraja
270,cerastium-glomeratum,Cerastium glomeratum,https://bs.plantnet.org/image/o/2de203e7843a584e782c42c15d10a73c75a38594,null,null,6.5,5.5,7,6,0,-1,-1,Colchico
271,geum-rivale,Geum rivale,https://bs.plantnet.org/image/o/51a60a1c4c23fc015f4b73c33e1bd052de07cca0,Single Crown,Moderate,7,4.8,5,7,0,-1,-1,Geum-dos-ribeiros
272,helianthemum-nummularium,Helianthemum nummularium,https://bs.plantnet.org/image/o/9b5a51e6e81b92d17a8d56eaa2feeaa17a51f2b4,null,null,7.5,7,7,3,0,-1,-1,Soltos-dos-montes
273,sagina-procumbens,Sagina procumbens,https://bs.plantnet.org/image/o/d88a2fe293c58692a9abc9e1f1b95d2bc2dce399,null,null,7,6.5,8,7,1,-1,-1,Sagina-procumbens
274,glyceria-maxima,Glyceria maxima,https://bs.plantnet.org/image/o/d79246c1097483983c1086d2eb6806f69784b453,null,null,8,7.5,8,9,0,-1,-1,Glicerínia-maior
275,carex-pilulifera,Carex pilulifera,https://bs.plantnet.org/image/o/7f264aebf5d0c4e9abcb589af8c4061e0cad804e,null,null,-1,-1,-1,-1,-1,-1,-1,Carriço-dos-pinheirais
276,lysimachia-nummularia,Lysimachia nummularia,https://bs.plantnet.org/image/o/c55ab9cd667f67f58f588f9647b3a3c6ce70ef10,null,null,6.5,5.5,5,6,0,-1,-1,Lysimachia-nummularia
277,trifolium-campestre,Trifolium campestre,https://bs.plantnet.org/image/o/0ad9750769ea4ca25f7ec9bc377500cb29c9498f,null,null,5.5,5,8,3,0,-1,-1,Trevo-dos-campos
278,linum-catharticum,Linum catharticum,https://bs.plantnet.org/image/o/0942e56c53f5816e0a69b7b93991a4e18c8643f7,null,null,7.5,7,8,4,1,-1,-1,Linho-purging
279,galium-odoratum,Galium odoratum,https://bs.plantnet.org/image/o/d7727794d160def0035e055f1ca7e5770ff85149,null,null,6.5,5.5,3,5,0,-1,-1,Gailho-cheiroso
280,viola-palustris,Viola palustris,https://bs.plantnet.org/image/o/78dfd2dfdf44a49ae1d5e683b7116cdd4c9d9349,null,null,-1,-1,-1,-1,-1,-1,-1,Violeta-dos-pântanos
281,avenella-flexuosa,Avenella flexuosa,https://bs.plantnet.org/image/o/c205d8f96773c1435b7c08297b32600c390134a2,Bunch,Moderate,6.8,4.8,5,3,0,-1,-1,Avenela-flexuosa
282,alopecurus-geniculatus,Alopecurus geniculatus,https://bs.plantnet.org/image/o/b58ae48abbd36b58afb2bc86bf5d110e1ce8f682,null,null,-1,-1,-1,-1,-1,-1,-1,Alopecurus-geniculatus
283,scirpus-sylvaticus,Scirpus sylvaticus,https://bs.plantnet.org/image/o/3416afe9f5a912c2ed2d5efa76aad5a47a31ccad,null,null,-1,-1,-1,-1,-1,-1,-1,Scirpo-dos-bosques
284,luzula-pilosa,Luzula pilosa,https://bs.plantnet.org/image/o/9cb9318cfa543c5c0afadfa891ecb070365419c7,null,null,5.5,5,4,4,0,-1,-1,Luzula-pilosa
285,veronica-beccabunga,Veronica beccabunga,https://bs.plantnet.org/image/o/fba8590ddadc2fc215eabb924bf3b148eb5b4c98,null,null,7.5,7,8,7,0,-1,-1,Verónica-dos-charcos
286,tragopogon-pratensis,Tragopogon pratensis,https://bs.plantnet.org/image/o/aa162208c0f7875b5021976a54cad5373939d904,null,null,7.5,7,8,6,0,-1,-1,Serralha-dos-prados
287,gymnadenia-conopsea,Gymnadenia conopsea,https://bs.plantnet.org/image/o/735993928fedf2a12e5f825f355500c27f8d98d8,null,null,-1,-1,-1,-1,-1,-1,-1,Gymnadenia-conopsea
288,medicago-sativa,Medicago sativa,https://bs.plantnet.org/image/o/3ba6922298db8f12f18bb86ea889f9bec4945a1d,Single Crown,Rapid,8.5,6,8,7,0,-1,-1,Luzerna
289,polygonatum-multiflorum,Polygonatum multiflorum,https://bs.plantnet.org/image/o/597c08b13a0d6e2310c2222379f9a31a88f301ed,null,null,6.5,5.5,4,5,0,-1,-1,Polígono-das-flores-muitas
290,circaea-lutetiana,Circaea lutetiana,https://bs.plantnet.org/image/o/5a03b533f6d8c1aa229b71b8f5273536eb3a78e4,null,null,7,6.5,4,6,0,-1,-1,Circaea-lutetiana
291,juncus-inflexus,Juncus inflexus,https://bs.plantnet.org/image/o/fdd15af4a2cd48c33daa9b90c8f03b1475e4451d,null,null,8,7.5,8,6,0,-1,-1,Junco-inflexo
292,anacamptis-pyramidalis,Anacamptis pyramidalis,https://bs.plantnet.org/image/o/971c811387922f8d13bc201f0bf99e18d459ebf3,null,null,9,8,8,3,0,-1,-1,Orquídea-piramidal
293,clinopodium-vulgare,Clinopodium vulgare,https://bs.plantnet.org/image/o/6fcd0a6d4bb0d9820058367623b1de926b2cdbb0,null,null,7.5,7,6,4,0,-1,-1,Orégão-silvestre
294,rhinanthus-minor,Rhinanthus minor,https://bs.plantnet.org/image/o/9ab8fce77d55d70504949c6ed2c4ff6ea4888f31,Bunch,Moderate,7.5,7,8,3,0,-1,-1,Rinanto-menor
295,eriophorum-vaginatum,Eriophorum vaginatum,https://bs.plantnet.org/image/o/1af072ca4763709ba18dad9b223b27fb2c503352,null,null,4.5,4,7,1,0,-1,-1,Eriophorum-vaginatum
296,carex-leporina,Carex leporina,https://bs.plantnet.org/image/o/90abcb39d696743a35ed60f2e1dd37191b8021a4,null,null,-1,-1,-1,-1,-1,-1,-1,Carriço-do-coelho
297,sambucus-racemosa,Sambucus racemosa,https://bs.plantnet.org/image/o/6707389a8a79a18058e32596b33de7fcf78db034,null,null,5.5,5,5,5,0,-1,-1,Sabugueiro-dos-pântanos
298,dactylorhiza-maculata,Dactylorhiza maculata,https://bs.plantnet.org/image/o/5020139795629b65e83a58529623a7515b9b9f45,null,null,6.5,5.5,7,2,0,-1,-1,Orquídea-maculada
299,galium-album,Galium album,https://bs.plantnet.org/image/o/a2e44d8cde184936e2c0b170387852519b59bb38,null,null,-1,-1,-1,-1,-1,-1,-1,Gailho
300,stachys-palustris,Stachys palustris,https://bs.plantnet.org/image/o/51cdbee45af01150db1d9cdf840a84a61f196065,Rhizomatous,Moderate,8,5.7,7,6,0,-1,-1,Betónica-dos-pântanos
301,sparganium-erectum,Sparganium erectum,https://bs.plantnet.org/image/o/fb0c45bd3746f52e633fb0d75f39d30ec036a1cc,null,null,7.5,7,8,7,0,-1,-1,Espargânia-ereta
302,betonica-officinalis,Betonica officinalis,https://d2seqvvyy3b8p2.cloudfront.net/7f997388413c6b50164618df549d60ac.jpg,null,null,6.5,5.5,6,3,0,-1,-1,Betônica
303,lavandula-stoechas,Lavandula stoechas,https://bs.plantnet.org/image/o/798c2baab24169a6ccaebe97c855ac6d12577b08,null,null,5,4.5,8,3,0,-1,-1,Lavanda
304,dipsacus-fullonum,Dipsacus fullonum,https://bs.plantnet.org/image/o/c4aaf549bca48b5784a77b540fa36da25ab20a37,null,null,-1,-1,-1,-1,-1,-1,-1,Cardo-de-cardadores
305,menyanthes-trifoliata,Menyanthes trifoliata,https://bs.plantnet.org/image/o/15df5471839c0b1d04a2c89f45519ebea6724845,Rhizomatous,Moderate,6.5,4.8,7,3,0,-1,-1,Três-folhas
306,sisymbrium-officinale,Sisymbrium officinale,https://bs.plantnet.org/image/o/23dacbf7d60736e26515c1fa32a61334d6cf68c2,null,null,7.5,7,8,7,0,-1,-1,Mostarda-silvestre
307,maianthemum-bifolium,Maianthemum bifolium,https://bs.plantnet.org/image/o/81d2719c25c00f8885f137bbcdf85e9b9185afb3,null,null,5,4.5,4,2,0,-1,-1,Falso-lírio-do-vale
308,agrostis-canina,Agrostis canina,https://bs.plantnet.org/image/o/d38fdf8c9bb8e454f8ddcaa5949d6375e6783b5e,null,null,-1,-1,-1,-1,-1,-1,-1,Capim-para-cães
309,euphorbia-helioscopia,Euphorbia helioscopia,https://bs.plantnet.org/image/o/f55807fe9a475f6ca4a6c2ea79cedc99e501fd5c,null,null,7.5,7,8,7,0,-1,-1,Eufórbia-cabra-leiteira
310,ulmus-glabra,Ulmus glabra,https://bs.plantnet.org/image/o/636f4ad2e9d6f9b4684369217b92a8dd891ee355,null,null,6.5,5.5,7,6,0,-1,-1,Olmo-comum
311,phaseolus-vulgaris,Phaseolus vulgaris,https://bs.plantnet.org/image/o/522abc68dfd3f04b6c08effce88776bbea9810b8,null,null,7,6.5,8,7,0,-1,-1,Feijão
312,ulex-europaeus,Ulex europaeus,https://bs.plantnet.org/image/o/1448e4c05ae7d38af77e552e2e2929413afc9a23,null,null,5.5,5,8,3,0,-1,-1,Tojo
313,carex-arenaria,Carex arenaria,https://bs.plantnet.org/image/o/8fc7cbaed5fa6195f527c355d66a19c813cdef99,null,null,-1,-1,-1,-1,-1,-1,-1,Cariosa-arenária
314,erigeron-annuus,Erigeron annuus,https://bs.plantnet.org/image/o/6ca945386171048df4d6c6686ddb8cd021350758,Single Crown,Moderate,7.5,7,8,7,0,-1,-1,Verbasco
315,trifolium-arvense,Trifolium arvense,https://bs.plantnet.org/image/o/6207d4137b76d8320cf3eaa7e1df082d1e506c1f,null,null,-1,-1,-1,-1,-1,-1,-1,Trevo-dos-campos
316,epilobium-palustre,Epilobium palustre,https://bs.plantnet.org/image/o/e707f41325d5c0ce4e32b39e0e6a052dc67a1fa5,null,null,5,4.5,8,3,0,-1,-1,Epilóbio-dos-pântanos
317,carex-acutiformis,Carex acutiformis,https://bs.plantnet.org/image/o/5fa6ead21ae619bbad2f5aeab581782a60c21bf1,null,null,-1,-1,-1,-1,-1,-1,-1,Cariosa
318,saponaria-officinalis,Saponaria officinalis,https://bs.plantnet.org/image/o/eb23c1d9aa005b329dedeb39126a0a54db8a5a87,Rhizomatous,Moderate,7,5,7,6,0,-1,-1,Saponária
319,carex-echinata,Carex echinata,https://bs.plantnet.org/image/o/3d00c62eba869a84381786a484d539e9d6493b7f,null,null,-1,-1,-1,-1,-1,-1,-1,Cariosa
320,centaurea-scabiosa,Centaurea scabiosa,https://bs.plantnet.org/image/o/707b905f27fbd122e61e4c0f433ee938d27cb0bf,null,null,8,7.5,7,4,0,-1,-1,Escabiosa
321,cichorium-intybus,Cichorium intybus,https://bs.plantnet.org/image/o/eb049be6b9186aed76ada3c8d3cd54d762842aa8,Bunch,Rapid,7.5,6,8,6,0,-1,-1,Chicória-amarga
322,scutellaria-galericulata,Scutellaria galericulata,https://bs.plantnet.org/image/o/8545998415903ef90f567efa000a7368b5748ad9,null,null,7,6.5,7,6,0,-1,-1,Escutelária
323,trisetum-flavescens,Trisetum flavescens,https://bs.plantnet.org/image/o/bad05c825de5025d303e3cef5ed657825230bdd5,null,null,7.5,7,8,5,0,-1,-1,Trisetum-amarelo
324,eryngium-campestre,Eryngium campestre,https://bs.plantnet.org/image/o/b2fc6bc0b205a8091691589b1aba20db8a473aa1,null,null,8,7.5,9,5,0,-1,-1,Cardo-campestre
325,vicia-hirsuta,Vicia hirsuta,https://bs.plantnet.org/image/o/89da6e18f2c1052c7a45917a5b4528ef6d4adeac,null,null,5.5,5,6,5,0,-1,-1,Ervilha-pilosa
326,juncus-acutiflorus,Juncus acutiflorus,https://bs.plantnet.org/image/o/c9035915d3e6b76feac125a747d6cdc193ebd8bb,null,null,7,6.5,8,6,0,-1,-1,Juncel
327,alnus-incana,Alnus incana,https://bs.plantnet.org/image/o/8fc756a6fba9b6b8e2cba8294b71a122331ec493,Thicket Forming,Rapid,7,5,7,6,0,-1,-1,Amieiro
328,salvia-pratensis,Salvia pratensis,https://bs.plantnet.org/image/o/7fdeb29f64b6b1f4463e487602c6c2da496860a9,null,null,8,7.5,8,4,0,-1,-1,Salva-comum
329,asplenium-trichomanes,Asplenium trichomanes,https://bs.plantnet.org/image/o/6fc8be3111a0a0fff05946f1e4d0600b4ac87599,null,null,-1,-1,-1,-1,-1,-1,-1,Capilé
330,drosera-rotundifolia,Drosera rotundifolia,https://bs.plantnet.org/image/o/41da3b6ee7e3e1f126ca90aabedb52a062d9dc7b,null,null,6.5,5.5,8,2,0,-1,-1,Orvalhinha-redonda
331,quercus-pubescens,Quercus pubescens,https://bs.plantnet.org/image/o/bf115f5afb11760a269f264c2386818c5a33ffbe,null,null,7.5,7,8,4,0,-1,-1,Carvalho-alvarinho
332,draba-verna,Draba verna,https://d2seqvvyy3b8p2.cloudfront.net/2c5c7673b15e8604f2ae88190d0c88ff.jpg,null,null,6.5,5.5,8,3,0,-1,-1,Draba-da-primavera
333,galium-saxatile,Galium saxatile,https://bs.plantnet.org/image/o/2a11ba3368a143f2edd3e619e0ddbbe01097aee5,null,null,4.5,4,6,3,0,-1,-1,Gália-dos-rochedos
334,paris-quadrifolia,Paris quadrifolia,https://bs.plantnet.org/image/o/eddab69eaa447b02834984734f1339f1cd2b6e88,null,null,7.5,7,4,7,0,-1,-1,Paris-de-quatro-folhas
335,gnaphalium-uliginosum,Gnaphalium uliginosum,https://bs.plantnet.org/image/o/4dca3b4d88ab07835ebee7b0555f62e2964a29c5,null,null,-1,-1,-1,-1,-1,-1,-1,Nabalhaça
336,fallopia-convolvulus,Fallopia convolvulus,https://bs.plantnet.org/image/o/6938cc3787802f00cd6a30777a6f55a94a39d1dd,null,null,7,6.5,7,6,0,-1,-1,Convolvulus-dos-campos
337,trifolium-medium,Trifolium medium,https://bs.plantnet.org/image/o/9fdc91de99d2572d3838e218cee2df3a79cc526d,Single Crown,Rapid,7.5,7,7,4,0,-1,-1,Trevo-de-meio
338,danthonia-decumbens,Danthonia decumbens,https://bs.plantnet.org/image/o/4785a8526b102c4d1cc59e74dc2aaeda7b32b666,null,null,5,4.5,7,2,0,-1,-1,Danthonia-deitada
339,verbascum-thapsus,Verbascum thapsus,https://bs.plantnet.org/image/o/4ad8f2803ebb093246a02b87b3a25bc0ad301c31,null,null,7.5,7,8,7,0,-1,-1,Candeia
340,arctium-minus,Arctium minus,https://bs.plantnet.org/image/o/8cc9666d34c6da80347f40f87fffe7c7e2181c1f,null,null,7.5,7,9,8,0,-1,-1,Bardana-menor
341,lupinus-polyphyllus,Lupinus polyphyllus,https://bs.plantnet.org/image/o/11718757c050acbedc54572c8a60ef25dea9ce3e,null,null,5.5,5,7,7,0,-1,-1,Lupino-polífilo
342,melilotus-albus,Melilotus albus,https://bs.plantnet.org/image/o/1946b7d91983e62f660cdd3aea8db9683cf328fb,Single Crown,Rapid,8,6.5,9,5,0,-1,-1,Meliloto-branco
343,ulmus-minor,Ulmus minor,https://bs.plantnet.org/image/o/f35ef28c57d76d9e83279aaac7635d993d570bc0,null,null,7.5,7,7,7,0,-1,-1,Olmo
344,vinca-minor,Vinca minor,https://bs.plantnet.org/image/o/b8c2a44df55edd4724b6ca4021608624295cde4a,Stoloniferous,Moderate,7.7,5.5,3,6,0,-1,-1,Vinca-miúda
345,equisetum-sylvaticum,Equisetum sylvaticum,https://bs.plantnet.org/image/o/0d4b3d1be314bb4cc5e1563edd3304374da315c4,Rhizomatous,Rapid,6.5,4,4,4,0,-1,-1,Cavalinha-dos-bosques
346,polygala-vulgaris,Polygala vulgaris,https://bs.plantnet.org/image/o/481b50363f7cba4c63b4a1dfa60a6c3cd788a3c5,null,null,7.5,7,8,2,0,-1,-1,Polígala-vulgar
347,parnassia-palustris,Parnassia palustris,https://bs.plantnet.org/image/o/7bcb142a05096f2f08c60c0842db1414edbb3244,Stoloniferous,Moderate,8,6,8,2,0,-1,-1,Parnássia-dos-pântanos
348,pastinaca-sativa,Pastinaca sativa,https://bs.plantnet.org/image/o/a0d90dc4eda6b06b6762d38e7c5f6ae45cee99b1,null,null,7,6.5,7,6,0,-1,-1,Pastinaca-selvagem
349,teucrium-chamaedrys,Teucrium chamaedrys,https://bs.plantnet.org/image/o/0013b97ee9af8abf98abf92fb7b6adc9d83842a7,null,null,8,7.5,7,1,0,-1,-1,Germandrina
350,arabidopsis-thaliana,Arabidopsis thaliana,https://bs.plantnet.org/image/o/65a66c17a7f43dea9a104840408c1f22aadf7e5e,null,null,5.5,5,6,5,0,-1,-1,Arabidopsis
351,cirsium-oleraceum,Cirsium oleraceum,https://bs.plantnet.org/image/o/c6d399395ab6a98daf49bfcff27370151b58845a,null,null,7.5,7,5,6,0,-1,-1,Cardo-oleiro
352,moehringia-trinervia,Moehringia trinervia,https://bs.plantnet.org/image/o/9eee072cc92bfd54071ff0b4847d78352cc98467,null,null,7,6.5,4,6,0,-1,-1,Moehringia-de-três-nervuras
353,allium-ursinum,Allium ursinum,https://bs.plantnet.org/image/o/5833d418a19ec27fd78422998b730893bae5356f,null,null,8,7.5,4,7,0,-1,-1,Alho-ursino
354,hypericum-maculatum,Hypericum maculatum,https://bs.plantnet.org/image/o/cf3ae512adcf3fd831651f44b437465a75456906,null,null,-1,-1,-1,-1,-1,-1,-1,Hipérico-malhado
355,epilobium-parviflorum,Epilobium parviflorum,https://bs.plantnet.org/image/o/09855e90ceb830254cb32ba5b464e326ea532add,null,null,7.5,7,7,6,0,-1,-1,Epilóbio-de-flores-pequenas
356,sedum-album,Sedum album,https://bs.plantnet.org/image/o/02f8ef964f51bd7604bc533d60be1ed39aa057cd,null,null,7,6.5,9,3,0,-1,-1,Sedum
357,prunus-serotina,Prunus serotina,https://bs.plantnet.org/image/o/74ff6780c79e4f4ffa984c451f40ede7325a688b,Multiple Stem,Rapid,7.5,4,4,4,0,-1,-1,Cerejeira-negra
358,orchis-mascula,Orchis mascula,https://bs.plantnet.org/image/o/3e17c443fdefd94ff7414f316ef40f4ad10fc6d5,null,null,-1,-1,-1,-1,-1,-1,-1,Orquídea-masculina
359,ranunculus-sceleratus,Ranunculus sceleratus,https://bs.plantnet.org/image/o/2ad6c0aa029f964d5079a922b43d6868a4635586,Single Crown,Rapid,8.4,4.8,8,8,1,-1,-1,Ranúnculo-escelerado
360,helleborus-foetidus,Helleborus foetidus,https://bs.plantnet.org/image/o/04b785e77da12df2eab34f2ed05d67cb97f3321f,null,null,8,7.5,5,3,0,-1,-1,Helléboro-fedorento
361,thymus-pulegioides,Thymus pulegioides,https://bs.plantnet.org/image/o/b7f89b1ad4827fadb8e0ab8b50d25031e95037d4,null,null,6.5,5.5,8,2,0,-1,-1,Tomilho
362,avena-sativa,Avena sativa,https://bs.plantnet.org/image/o/5a1d541a3b931648e4808dd24ae7996be53b509f,null,null,-1,-1,-1,-1,-1,-1,-1,Aveia
363,hordeum-murinum,Hordeum murinum,https://bs.plantnet.org/image/o/19b8ba213efe09f6da49e2170fd6e72cd1492dcf,null,null,8,7.5,8,8,0,-1,-1,Cevada-silvestre
364,matricaria-chamomilla,Matricaria chamomilla,https://bs.plantnet.org/image/o/4b09bcd73ff4f23b479a0ac45fb8dc3fb319c770,null,null,5.5,5,7,6,0,-1,-1,Camomila
365,hyacinthoides-non-scripta,Hyacinthoides non-scripta,https://bs.plantnet.org/image/o/7461b9dd0bcbba94da9ac8cdeb953a23ef04d97c,null,null,5.5,5,4,3,0,-1,-1,Jacinto-dos-bosques
366,malva-sylvestris,Malva sylvestris,https://bs.plantnet.org/image/o/9ef825ff8902126e52b3e06e8efae2c66bed75a3,null,null,7.5,7,8,8,0,-1,-1,Malva
367,abies-alba,Abies alba,https://bs.plantnet.org/image/o/8e171a19f992a34d5d44693472320f6044a5d561,null,null,-1,-1,-1,-1,-1,-1,-1,Abeto-branco
368,echinochloa-crus-galli,Echinochloa crus-galli,https://bs.plantnet.org/image/o/1f87840e017ea744b1305b221c0ab0d1acb47e10,null,null,8,7.5,8,8,0,-1,-1,Capim-arroz
369,torilis-japonica,Torilis japonica,https://bs.plantnet.org/image/o/720e88040b3243638dda437b9cfb6571b0078c31,null,null,8,7.5,6,8,0,-1,-1,Torilis-japonesa
370,galium-uliginosum,Galium uliginosum,https://bs.plantnet.org/image/o/3ed5f3e4655c491226050ee4c8bd4b894491cdc0,null,null,-1,-1,-1,-1,-1,-1,-1,Gália-dos-pântanos
371,hieracium-umbellatum,Hieracium umbellatum,https://bs.plantnet.org/image/o/9434559c7b35dc9f2360d26d5e55051ecfebd185,null,null,5.5,5,6,3,0,-1,-1,Hieracium-de-umbelas
372,platanthera-bifolia,Platanthera bifolia,https://bs.plantnet.org/image/o/1faa28c3fdb9aa5ac0cc65f043fd870e75abf475,null,null,7.5,7,6,3,0,-1,-1,Platantera-de-duas-folhas
373,veronica-hederifolia,Veronica hederifolia,https://bs.plantnet.org/image/o/0d178599a6cbbc8993896d154e935fc1a547b69a,null,null,5.5,5,7,7,0,-1,-1,Veronica-hedera
374,rhamnus-cathartica,Rhamnus cathartica,https://bs.plantnet.org/image/o/c40162e8b07333cbed394d7bb2e19664a4ecac63,null,null,8,7.5,6,5,0,-1,-1,Espinho-cerval-de-cão
375,mentha-arvensis,Mentha arvensis,https://bs.plantnet.org/image/o/50c769e08481881ae5fbd00bc1154a5b012695f7,Single Stem,Moderate,7,5,8,6,0,-1,-1,Hortelã-dos-campos
376,senecio-inaequidens,Senecio inaequidens,https://bs.plantnet.org/image/o/1300ac0f417fb2ed52824524d899955fc1ddfc9d,null,null,7.5,7,8,5,0,-1,-1,Senécio
377,carex-remota,Carex remota,https://bs.plantnet.org/image/o/81f860d18674f8d485abfe0482a07996172c6d4a,null,null,5.5,5,5,3,0,-1,-1,Cárice-remota
378,euphorbia-peplus,Euphorbia peplus,https://bs.plantnet.org/image/o/76ca9b16d3431f2e5a0bfb7201a299ff2a5cbe6f,null,null,7.5,7,8,7,0,-1,-1,Erva-leiteira
379,sanguisorba-officinalis,Sanguisorba officinalis,https://bs.plantnet.org/image/o/f8800d12f805dd4220958f7f0131a65a2c5e1156,null,null,7.5,7,8,5,0,-1,-1,Pimpinela-maior
380,milium-effusum,Milium effusum,https://bs.plantnet.org/image/o/b727bf2e34032abe0a649d546ccac1e45e520806,null,null,-1,-1,-1,-1,-1,-1,-1,Milium
381,epilobium-ciliatum,Epilobium ciliatum,https://bs.plantnet.org/image/o/759c0b6de1ad6513a364312fe972354e94bbf995,null,null,7,6.5,5,7,0,-1,-1,Epilóbio-ciliado
382,jasione-montana,Jasione montana,https://bs.plantnet.org/image/o/edf691720d661ba58947c6768d6d32b21b320820,null,null,5,4.5,7,2,0,-1,-1,Jasione
383,cruciata-laevipes,Cruciata laevipes,https://bs.plantnet.org/image/o/3ddfd8b6744400f41f6666d8e9fd6cfdd247d62e,null,null,7.5,7,6,7,0,-1,-1,Crucíata-de-caules-lisos
384,hydrocotyle-vulgaris,Hydrocotyle vulgaris,https://bs.plantnet.org/image/o/bfe0b7e5c47393687e26167e7c83c0e70ba47f06,null,null,6.5,5.5,7,2,0,-1,-1,Hydrocotyle
385,buddleja-davidii,Buddleja davidii,https://bs.plantnet.org/image/o/baa8e341cc3ba874081bda9b605d8ea57e5f129d,null,null,7.5,7,7,7,0,-1,-1,Budleia
386,juglans-regia,Juglans regia,https://bs.plantnet.org/image/o/f772cf7489091ea81527734687c3d59ae88dea2f,Single Stem,Rapid,7.5,6,8,6,0,-1,-1,Nogueira
387,sanguisorba-minor,Sanguisorba minor,https://bs.plantnet.org/image/o/cfc5940ba530875e9af01b69d6f35c44404e9464,null,null,-1,-1,-1,-1,-1,-1,-1,Pimpinela-menor
388,carex-canescens,Carex canescens,https://bs.plantnet.org/image/o/df40659e333a5b6117c9bff050b1e0c58eb4001e,null,null,-1,-1,-1,-1,-1,-1,-1,Cárice-canescens
389,asplenium-ruta-muraria,Asplenium ruta-muraria,https://bs.plantnet.org/image/o/bf00f1a8b28320d2eda28721680a0ad30d29cc72,null,null,8,7.5,7,4,0,-1,-1,Asplenium
390,verbena-officinalis,Verbena officinalis,https://bs.plantnet.org/image/o/0075a4ccb1c8d636bf62af7028c747ae73dc8045,null,null,7.5,7,8,7,0,-1,-1,Verbena
391,centaurea-nigra,Centaurea nigra,https://bs.plantnet.org/image/o/f648f43c9d9eba4cbeb114f872a87b8b7e7c612d,null,null,-1,-1,-1,-1,-1,-1,-1,Centáurea-negra
392,dactylorhiza-fuchsii,Dactylorhiza fuchsii,https://bs.plantnet.org/image/o/af49a250a6fb4c0411d79b9d63a073d863653fc7,null,null,-1,-1,-1,-1,-1,-1,-1,Dactylorhiza
393,sinapis-arvensis,Sinapis arvensis,https://bs.plantnet.org/image/o/f952499f6871debe0c9fb42382267fcdd01687af,null,null,8,7.5,7,7,0,-1,-1,Mostarda-silvestre
394,atriplex-prostrata,Atriplex prostrata,https://bs.plantnet.org/image/o/a652528e383e416c9b78b495e5aaa7ea6b89a322,null,null,7.5,7,8,7,1,-1,-1,Salsola
395,prunus-laurocerasus,Prunus laurocerasus,https://bs.plantnet.org/image/o/08bdf8d6415162b600fba4e14fbd06abe3ba974d,null,null,6.5,5.5,8,5,0,-1,-1,Lauroceraso
